{
    "inputUnits": [
        34
    ],
    "outputUnits": 6,
    "inputs": {
        "0": {
            "dtype": "number",
            "min": 186.73158994444614,
            "max": 482.61198466853875
        },
        "1": {
            "dtype": "number",
            "min": -101.93604940570282,
            "max": 222.28452689916708
        },
        "2": {
            "dtype": "number",
            "min": 235.82975959035673,
            "max": 495.52463754141843
        },
        "3": {
            "dtype": "number",
            "min": -87.54142197189628,
            "max": 209.66151018550886
        },
        "4": {
            "dtype": "number",
            "min": 164.16725336809566,
            "max": 464.75927686876827
        },
        "5": {
            "dtype": "number",
            "min": -91.6071209740546,
            "max": 219.70686025656613
        },
        "6": {
            "dtype": "number",
            "min": 269.8540630414792,
            "max": 509.5164650052438
        },
        "7": {
            "dtype": "number",
            "min": -94.07800934194127,
            "max": 186.52115640009424
        },
        "8": {
            "dtype": "number",
            "min": 90.77035391840954,
            "max": 437.05635842646143
        },
        "9": {
            "dtype": "number",
            "min": -103.97354066603842,
            "max": 203.16564300180875
        },
        "10": {
            "dtype": "number",
            "min": 179.25469661964982,
            "max": 536.3178808308761
        },
        "11": {
            "dtype": "number",
            "min": -81.7763937864786,
            "max": 236.59997131110168
        },
        "12": {
            "dtype": "number",
            "min": 62.62733786022617,
            "max": 394.7218631492051
        },
        "13": {
            "dtype": "number",
            "min": -116.30231924094115,
            "max": 248.13658896123388
        },
        "14": {
            "dtype": "number",
            "min": 72.33801103287634,
            "max": 648.3967038165734
        },
        "15": {
            "dtype": "number",
            "min": 13.801402526142994,
            "max": 362.007218594681
        },
        "16": {
            "dtype": "number",
            "min": -18.793149718050827,
            "max": 497.75642246587734
        },
        "17": {
            "dtype": "number",
            "min": 78.24615760536045,
            "max": 392.70624183031373
        },
        "18": {
            "dtype": "number",
            "min": 79.6284487275298,
            "max": 674.7285170499453
        },
        "19": {
            "dtype": "number",
            "min": -21.913537645154427,
            "max": 559.6058773530597
        },
        "20": {
            "dtype": "number",
            "min": -46.92826445464494,
            "max": 622.9336060995258
        },
        "21": {
            "dtype": "number",
            "min": 4.377225289548889,
            "max": 573.4695434570312
        },
        "22": {
            "dtype": "number",
            "min": 233.04611265427408,
            "max": 484.5120613305949
        },
        "23": {
            "dtype": "number",
            "min": 250.4960757006931,
            "max": 483.40906521689567
        },
        "24": {
            "dtype": "number",
            "min": 134.00895055629863,
            "max": 393.8988592838035
        },
        "25": {
            "dtype": "number",
            "min": 207.05647153149317,
            "max": 502.0311846900079
        },
        "26": {
            "dtype": "number",
            "min": 230.15213725167953,
            "max": 486.64228921734406
        },
        "27": {
            "dtype": "number",
            "min": 380.2827091439689,
            "max": 596.8486860104572
        },
        "28": {
            "dtype": "number",
            "min": 115.64915697862202,
            "max": 397.50551082744676
        },
        "29": {
            "dtype": "number",
            "min": 304.40520765252614,
            "max": 607.3689762813108
        },
        "30": {
            "dtype": "number",
            "min": 228.19528661349403,
            "max": 527.7924231147024
        },
        "31": {
            "dtype": "number",
            "min": 466.3178083961576,
            "max": 579.848065209296
        },
        "32": {
            "dtype": "number",
            "min": 115.5587373726099,
            "max": 406.57603104290797
        },
        "33": {
            "dtype": "number",
            "min": 352.5305187655794,
            "max": 584.154948074994
        }
    },
    "outputs": {
        "0": {
            "dtype": "string",
            "min": 0,
            "max": 1,
            "uniqueValues": [
                "a",
                "b",
                "c",
                "d",
                "e",
                "f"
            ],
            "legend": {
                "a": [
                    1,
                    0,
                    0,
                    0,
                    0,
                    0
                ],
                "b": [
                    0,
                    1,
                    0,
                    0,
                    0,
                    0
                ],
                "c": [
                    0,
                    0,
                    1,
                    0,
                    0,
                    0
                ],
                "d": [
                    0,
                    0,
                    0,
                    1,
                    0,
                    0
                ],
                "e": [
                    0,
                    0,
                    0,
                    0,
                    1,
                    0
                ],
                "f": [
                    0,
                    0,
                    0,
                    0,
                    0,
                    1
                ]
            }
        }
    },
    "isNormalized": true
}